"abandon":"अबैन्डन,
"ability":"एबिलिटी,
"able":"एबल,
"abortion":"अबॉर्शन,
"about":"अबाउट,
"above":"अबव,
"abroad":"अब्रॉड,
"absence":"एब्सेंस,
"absolute":"ऐब्सलूट,
"absolutely":"ऐब्सलूट्ली,
"absorb":"ऐब्ज़ॉर्ब,
"abuse":"अब्यूज़,
"academic":"ऐकडेमिक,
"accept":"एक्सेप्ट,
"एक्सीडेंट":"एक्सेस,
"accident":"एक्सीडेंट,
"accompany":"अकम्पनी,
"accomplish":"अकांप्लिश,
"according":"अकॉर्डिंग,
"account":"अकाउंट,
"accurate":"एक्यूरेट,
"accuse":"अक्यूज़,
"achieve":"अचीव,
"achievement":"अचीवमेंट,
"acid":"एसिड,
"acknowledge":"एकनॉलेज,
"acquire":"एक्वायर,
"across":"अक्रॉस,
"act":"एक्ट,
"action":"एक्शन,
"active":"एक्टिव,
"activist":"एक्टिविस्ट,
"activity":"एक्टिविटी,
"actor":"एक्टर,
"actress":"एक्ट्रेस,
"actual":"एक्चुअल,
"actually":"एक्चुअली,
"ad":"एड/अड,
"adapt":"अडैप्ट,
"add":"ऐड,
"""",addition—अडिशन/एडिशन,","
"additional":"एडिशनल,
"address":"एड्रेस,
"adequate":"एडेक्वेट,
"adjust":"एडजस्ट,
"adjustment":"एडजस्टमेंट,
"administration":"एडमिनिस्ट्रेशन,
"administrator":"एडमिनिस्ट्रेटर,
"admire":"एडमायर,
"admission":"एडमिशन,
"admit":"एडमिट,
"adolescent":"एडोलसेंट,
"adopt":"अडॉप्ट,
"adult":"एडल्ट,
"advance":"एडवांस,
"advanced":"एडवांस्ड,
"advantage":"एडवांटेज,
"adventure":"एडवेंचर,
"advertising":"एडवरटाइजिंग,
"advice":"एडवाइज़,
"advise":"अड्वाइज़,
"adviser":"एडवाइज़र,
"advocate":"एडवोकेट,
"affair":"अफेयर,
"affect":"अफेक्ट,
"afford":"अफ़्फोर्ड,
"afraid":"अफ्रेड,
"African":"ऐफ्रिकन ,
"African-American":"ऐफ्रिकन-अमेरिकन,
"after":"आफ्टर,
"afternoon":"आफ्टरनून,
"again":"अगेन,
"against":"अगेंस्ट,
"age":"ऐज,
"agency":"एजेंसी,
"agenda":"अजेंडा,
"agent":"एजेंट,
"aggressive":"अग्रेसिव,
"ago":"अगो,
"agree":"अग्री/एग्री,
"agreement":"एग्रीमेंट,
"agricultural":"एग्रीकल्चरल,
"ah":"अ,
"ahead":"अहेड,
"aid":"एड,
"aide":"एड,
"AIDS":"एड्ज़ ,
"aim":"ऐम,
"air":"एयर,
"aircraft":"एयरक्राफ्ट,
"airline":"एयरलाइन,
"airport":"एयरपोर्ट,
"album":"एल्बम,
"alcohol":"ऐल्कहॉल/अल्कोहल,
"alive":"अलाइव,
"all":"ऑल,
"alliance":"अलायन्स,
"allow":"अल्लॉव,
"ally ":"ऐलाइ,
"almost":"ऑलमोस्ट,
"alone":"अलोन,
"along":"अलोंग,
"already":"ऑलरेडी,
"also":"ऑल्सो,
"alter":"ऑल्टर,
"alternative":"अल्टरनेटिव,
"although":"ऑल्दो,
"always":"ऑलवेज,
"AM":"एम/अम,
"amazing":"अमेजिंग,
"American":"अमेरिकन,
"among":"अमंग,
"amount":"अमाउंट,
"analysis":"एनालिसिस,
"analyst":"एनालिस्ट,
"analyze":"एनालाइज,
"ancient":"एन्शिएन्ट  ,
"and":"एंड,
"anger":"एंगर,
"angle":"एंगल,
"angry":"एंग्री,
"animal":"एनिमल,
"anniversary":"एनिवर्सरी,
"announce":"अनाउंस,
"annual":"एनुअल,
"another":"अनदर,
"answer":"आंसर,
"anticipate":"ऐन्टिसिपेट,
"anxiety":"एंग्जायटी,
"any":"एनी,
"anybody":"एनीबडी  ,
"anymore":"एनीमोर,
"anyone":"एनीवन,
"anything":"एनीथिंग,
"anyway":"एनीवे,
"anywhere":"एनीवेयर,
"apart":"अपार्ट,
"apartment":"अपार्टमेंट,
"apparent":"अपैरन्ट,
"apparently":"अपैरन्ट्ली,
"appeal":"अपील,
"appear":"अपीयर,
"appearance":"अपीयरेंस,
"apple":"एप्पल,
"application":"एप्लीकेशन,
"apply":"अप्लाई,
"appoint":"अपॉइंट,
"appointment":"अपॉइंटमेंट,
"appreciate":"अप्रीशीएट,
"approach":"अप्रोच,
"appropriate":"एप्रोप्रियेट,
"approval":"अप्रूवल,
"approve":"अप्रूव,
"approximately":"एप्रोक्सीमेटली,
"Arab":"अरब,
"architect":"आर्किटेक्ट,
"area":"एरिया,
"argue":"आर्ग्यू,
"argument":"आर्ग्युमेंट,
"arise":"अराइज,
"arm":"आर्म,
"armed":"आर्म्ड,
"army":"आर्मी,
"around":"अराउंड,
"arrange":"अरेंज,
"arrangement":"अरेंजमेंट,
"arrest":"अरेस्ट,
"arrival":"अराइवल,
"arrive":"अराइव,
"art":"आर्ट,
"article":"आर्टिकल,
"artist":"आर्टिस्ट,
"artistic":"आर्टिस्टिक,
"as":"अस/एस,
"Asian":"एशियन,
"aside":"असाइड,
"ask":"आस्क,
"asleep":"अस्लीप,
"aspect":"आस्पेक्ट/ऐस्पेक्ट,
"assault":"असॉल्ट,
"assert":"असर्ट,
"assess":"असेस,
"assessment":"असेसमेंट,
"asset":"ऐसेट,
"assign":"असाइन,
"assignment":"असाइनमेंट,
"assist":"असिस्ट,
"assistance":"असिस्टन्स,
"assistant":"असिस्टेंट/असिस्टंट,
"associate":"एसोसिएट,
"association":"एसोसिएशन,
"assume":"अस्यूम,
"assumption":"एसम्प्शन/ऐज़म्प्शन,
"assure":"एश्योर,
"at":"एट ,
"athlete":"एथलीट,
"athletic":"ऐथ्लेटिक,
"atmosphere":"एटमॉस्फियर,
"attach":"अटैच,
"attack":"अटैक,
"attempt":"अटेम्प्ट,
"attend":"अटेंड,
"attention":"अटेंशन,
"attitude":"एटीट्यूड,
"attorney":"अटॉर्नी,
"attract":"अट्रैक्ट,
"attractive":"अट्रैक्टिव,
"attribute":"एट्रिब्यूट,
"audience":"ऑडियंस,
"author":"ऑथर,
"authority":"अथॉरिटी,
"auto":"ऑटो,
"available":"अवेलेबल,
"average":"एवरेज,
"avoid":"अवॉइड,
"award":"अवॉर्ड,
"aware":"अवेयर,
"awareness":"अवेयरनेस,
"away":"अवे,
"awful":"ऑफुल,
"baby":"बेबी,
"back":"बैक,
"background":"बैकग्राउंड,
"bad":"बैड,
"badly":"बैड्ली,
"bag":"बैग,
"bake":"बेक,
"balance":"बैलेंस,
"ball":"बॉल,
"ban":"बैन,
"band":"बैंड,
"bank":"बैंक,
"bar":"बार,
"barely":"बैरली,
"barrel":"बैरल,
"barrier":"बैरियर,
"base":"बेस,
"baseball":"बेसबॉल,
"basic":"बेसिक,
"basically":"बेसिक्ली,
"basis":"बेसिस,
"basket":"बास्केट,
"basketball":"बास्केटबॉल,
"bathroom":"बाथरूम,
"battery":"बैटरी,
"battle":"बैटल,
"be":"बी,
"beach":"बीच,
"bean":"बीन,
"bear":"बेअर,
"beat":"बीट,
"beautiful":"ब्यूटीफुल,
"beauty":"ब्यूटी,
"because":"बिकॉज़,
"become":"बिकम,
"bed":"बेड,
"bedroom":"बेडरूम,
"beer":"बियर,
"before":"बिफोर,
"begin":"बिगिन,
"beginning":"बिगिनिंग,
"behaviour":"बिहेवियर,
"behind":"बिहाइंड,
"being":"बीइंग,
"belief":"बिलीफ,
"believe":"बिलीव,
"bell":"बेल,
"belong":"बिलोंग,
"below":"बिलो,
"belt":"बेल्ट,
"bench":"बेंच,
"bend":"बेंड,
"beneath":"बिनीथ,
"benefit":"बेनिफिट,
"beside":" बीसाइड,
"besides":"बीसाइड्स,
"best":"बेस्ट,
"bet":"बेट,
"better":"बेटर,
"between":"बिटवीन,
"beyond":"बियॉन्ड,
"Bible":"बाइबल,
"big":"बिग,
"bike":"बाइक,
"bill":"बिल,
"billion":"बिलियन,
"bind":"बाइंड,
"biological":"बायोलॉजिकल,
"bird":"बर्ड,
"birth":"बर्थ,
"birthday":"बर्थडे,
"bit":"बिट,
"bite":"बाईट,
"black":"ब्लैक,
"blade":"ब्लेड,
"blame":"ब्लेम,
"blanket":"ब्लैंकेट,
"blind":"ब्लाइंड,
"block":"ब्लॉक,
"blood":"ब्लड,
"blow":"ब्लो,
"blue":"ब्लू,
"board":"बोर्ड,
"boat":"बोट,
"body":"बॉडी,
"bomb":"बॉम्ब,
"bombing":"बॉम्बिंग,
"bond":"बॉन्ड,
"bone":"बोन,
"book":"बुक,
"boom":"बूम,
"boot":"बूट,
"border":"बॉर्डर,
"born":"बोर्न,
"borrow":"बॉरो,
"boss":"बॉस,
"both":"बोथ,
"bother":"बॉदर,
"bottle":"बॉटल,
"bottom":"बॉटम,
"boundary":"बाउंड्री,
"bowl":"बाउल,
"box":"बॉक्स,
"boy":"बॉय,
"boyfriend":"बॉयफ्रेंड,
"brain":"ब्रेन,
"branch":"ब्रांच,
"brand":"ब्रांड,
"bread":"ब्रेड,
"break":"ब्रेक,
"breakfast":"ब्रेकफास्ट,
"breast":"ब्रैस्ट,
"breath":"ब्रेथ,
"breathe":"ब्रीद,
"brick":"ब्रिक,
"bridge":"ब्रिज,
"brief":"ब्रीफ,
"briefly":"ब्रीफली,
"bright":"ब्राइट,
"brilliant":"ब्रिलियंट,
"bring":"ब्रिंग,
"British":"ब्रिटिश,
"broad":"ब्रॉड,
"broken":"ब्रोकन,
"brother":"ब्रदर,
"brown":"ब्राउन,
"brush":"ब्रश,
"buck":"बक,
"budget":"बजट,
"build":"बिल्ड,
"building":"बिल्डिंग,
"bullet":"बुलेट,
"bunch":"बंच,
"burden":"बर्डन,
"burn":"बर्न,
"bury":"बरी,
"bus":"बस,
"business":"बिज़नेस,
"busy":"बिज़ी,
"but":"बट,
"butter":"बटर,
"button":"बटन,
"buy":"बाय,
"buyer":"बायर,
"by":"बाइ,
"cabin":"केबिन,
"cabinet":"कैबिनेट,
"cable":"केबल,
"cake":"केक,
"calculate":"कैल्क्युलेट,
"call":"कॉल,
"camera":"कैमरा,
"camp":"कैंप,
"campaign":"कैंपेन,
"campus":"कैंपस,
"can":"कैन,
"Canadian":"कैनेडियन,
"cancer":"कैंसर,
"candidate":"कैंडिडेट,
"cap":"कैप,
"capability":"कैपेबिलिटी,
"capable":"कैपेबल,
"capacity":"कैपेसिटी,
"capital":"कैपिटल,
"captain":"कैप्टन,
"capture":"कैप्चर,
"car":"कार,
"carbon":"कार्बन,
"card":"कार्ड,
"care":"केयर,
"career":"करियर,
"careful":"केयरफुल,
"carefully":"केयरफुली,
"carrier":"कैरीयर,
"carry":"कैरी,
"case":"केस,
"cash":"कैश,
"cast":"कास्ट,
"cat":"कैट,
"catch":"कैच,
"category":"कैटेगरी,
"Catholic":"कैथोलिक,
"cause":"कॉज़,
"ceiling":"सीलिंग,
"celebrate":"सेलिब्रेट,
"celebration":"सेलिब्रेशन,
"celebrity":"सेलिब्रिटी,
"cell":"सेल,
"center":"सेंटर,
"central":"सेंट्रल,
"century":"सेंचुरी,
"CEO":"सीईओ,
"ceremony":"सेरेमनी,
"certain":"सर्टेन,
"certainly":"सर्टेनली,
"chain":"चेन,
"chair":"चेयर,
"chairman":"चेयरमैन,
"challenge":"चैलेंज,
"chamber":"चेम्बर,
"champion":"चैंपियन,
"championship":"चैंपियनशिप,
"chance":"चांस,
"change":"चेंज,
"changing":"चेंजिंग,
"channel":"चैनल,
"chapter":"चैप्टर,
"character":"कैरेक्टर,
"characteristic":"कैरेक्टरिस्टिक,
"characterize":"कैरेक्टराइज,
"charge":"चार्ज,
"charity":"चैरिटी,
"chart":"चार्ट,
"chase":"चेस/चेज़,
"cheap":"चीप,
"check":"चेक,
"cheek":"चीक,
"cheese":"चीज़,
"chef":"शेफ,
"chemical":"केमिकल,
"chest":"चेस्ट,
"chicken":"चिकन,
"chief":"चीफ,
"child":"चाइल्ड,
"childhood":"चाइल्डहुड,
"Chinese":"चाइनीज़,
"chip":"चिप,
"chocolate":"चॉकलेट,
"choice":"चॉइस,
"cholesterol":"कोलेस्ट्रॉल,
"choose":"चूज़,
"Christian":"क्रिश्चियन,
"Christmas":"क्रिसमस,
"church":"चर्च,
"cigarette":"सिगरेट,
"circle":"सर्कल,
"circumstance":"सरकमस्टांस,
"cite":"साइट,
"citizen":"सिटीज़न,
"city":"सिटी,
"civil":"सिविल,
"civilian":"सिविलियन,
"claim":"क्लेम,
"class":"क्लास,
"classic":"क्लासिक,
"classroom":"क्लासरूम,
"clean":"क्लीन,
"clear":"क्लीयर,
"clearly":"क्लीयरली,
"client":"क्लाइंट,
"climate":"क्लाइमेट,
"climb":"क्लाइंब,
"clinic":"क्लीनिक,
"clinical":"क्लीनिकल,
"clock":"क्लॉक,
"close":"क्लोज़,
"closely":"क्लोसली/क्लोज़ली,
"closer":"क्लोज़र,
"clothes":"क्लोथ्स,
"clothing":"क्लोथिंग/क्लोदिंग,
"cloud":"क्लाउड,
"club":"क्लब,
"clue":"क्लू,
"cluster":"क्लस्टर,
"coach":"कोच,
"coal":"कोल,
"coalition":"कोलिशन,
"coast":"कोस्ट,
"coat":"कोट,
"code":"कोड,
"coffee":"कॉफ़ी,
"cognitive":"कॉग्निटिव,
"cold":"कोल्ड,
"collapse":"कोलैप्स,
"colleague":"कलीग,
"collect":"कलेक्ट,
"collection":"कलेक्शन,
"collective":"कलेक्टिव,
"college":"कॉलेज,
"colonial":"कोलोनियल,
"color":"कलर,
"column":"कॉलम,
"combination":"कॉम्बिनेशन,
"combine":"कंबाइन,
"come":"कम,
"comedy":"कॉमेडी,
"comfort":"कम्फर्ट,
"comfortable":"कम्फर्टेबल,
"command":"कमांड,
"commander":"कमांडर,
"comment":"कमेंट,
"commercial":"कमर्शियल,
"commission":"कमीशन,
"commit":"कमिट,
"commitment":"कमिटमेंट,
"committee":"कमिटी,
"common":"कॉमन,
"communicate":"कम्यूनिकेट,
"communication":"कम्युनिकेशन,
"community":"कम्युनिटी,
"company":"कंपनी,
"compare":"कम्पेअर,
"comparison":"कम्पैरिज़न,
"compete":"कम्पीट,
"competition":"कॉम्पटिशन,
"competitive":"कॉम्पिटिटिव,
"competitor":"कॉम्पिटिटर,
"complain":"कम्प्लेन,
"complaint":"कंप्लेंट,
"complete":"कम्पलीट,
"completely":"कम्प्लीटली,
"complex":"कॉम्प्लेक्स,
"complicated":"कॉम्प्लिकेटेड,
"component":"कॉम्पोनेन्ट,
"compose":"कंपोज़,
"composition":"कम्पोजीशन,
"comprehensive":"कॉम्प्रिहेन्सिव,
"computer":"कंप्यूटर,
"concentrate":"कॉन्सन्ट्रेट ,
"concentration":"कॉन्सन्ट्रेशन,
"concept":"कॉन्सेप्ट,
"concern":"कंसर्न,
"concerned":"कंसर्नड,
"concert":"कॉन्सर्ट,
"conclude":"कनक्लूड,
"conclusion":"कन्क्लूज़न,
"concrete":"कंक्रीट,
"condition":"कंडीशन,
"conduct":"कंडक्ट,
"conference":"कांफ्रेंस,
"confidence":"कॉन्फिडेंस,
"confident":"कॉन्फिडेंट,
"confirm":"कन्फर्म,
"conflict":"कॉन्फ्लिक्ट,
"confront":"कन्फ्रन्ट,
"confusion":"कन्फ्यूज़न,
"Congress":"कांग्रेस,
"congressional":"कांग्रेशनल,
"connect":"कनेक्ट,
"connection":"कनेक्शन,
"consciousness":"कॉन्शियसनेस,
"consensus":"कंसेंसस,
"consequence":"कॉन्सीक्वेन्स,
"conservative":"कंज़रवेटिव,
"consider":"कंसीडर,
"considerable":"कंसीडरेबल,
"consideration":"कंसीडरेशन,
"consist":"कंसिस्ट,
"consistent":"कंसिस्टेंट,
"constant":"कॉन्स्टेंट,
"constantly":"कॉन्स्टेंटली,
"constitute":"कॉन्स्टिट्यूट  ,
"constitutional":"कॉन्स्टीट्यूशनल,
"construct":"कंस्ट्रक्ट ,
"construction":"कंस्ट्रक्शन,
"consultant":"कंसलटेंट,
"consume":"कंज़्यूम,
"consumer":"कंज़्यूमर,
"consumption":"कन्सम्प्शन,
"contact":"कॉन्टैक्ट,
"contain":"कंटेन,
"container":"कंटेनर,
"contemporary":"कंटेम्पररी,
"content":"कंटेंट,
"contest":"कॉन्टेस्ट,
"context":"कॉन्टेक्स्ट,
"continue":"कंटिन्यू,
"continued":"कन्टिन्यूड,
"contract":"कॉन्ट्रैक्ट,
"contrast":"कंट्रास्ट,
"contribute":"कॉन्ट्रिब्यूट,
"contribution":"कॉन्ट्रिब्यूशन  ,
"control":"कंट्रोल,
"controversial":"कॉन्ट्रोवर्शल/कॉन्ट्रोवर्शियल,
"controversy":"कॉन्ट्रोवर्सी,
"convention":"कन्वेंशन,
"conventional":"कन्वेंशनल,
"conversation":"कन्वर्सेशन,
"convert":"कन्वर्ट,
"conviction":"कन्विक्शन,
"convince":"कन्विंस,
"cook":"कुक,
"cookie":"कुकी,
"cooking":"कुकिंग,
"cool":"कूल,
"cooperation":"कोऑपरेशन,
"cop":"कॉप,
"cope":"कोप,
"copy":"कॉपी,
"core":"कोर,
"corn":"कॉर्न,
"corner":"कॉर्नर,
"corporate":"कॉर्पोरेट,
"corporation":"कॉर्पोरेशन,
"correct":"करेक्ट,
"correspondent":"कॉरस्पॉन्डेंट,
"cost":"कॉस्ट,
"cotton":"कॉटन,
"couch":"काउच,
"could":"कुड,
"council":"काउंसिल,
"counselor":"काउंसलर,
"count":"काउंट,
"counter":"काउंटर,
"country":"कंट्री,
"county":"काउंटी,
"couple":"कपल,
"courage":"करेज,
"course":"कोर्स,
"court":"कोर्ट,
"cousin":"कज़िन,
"cover":"कवर,
"coverage":"कवरेज,
"cow":"काउ,
"crack":"क्रैक,
"craft":"क्राफ्ट,
"crash":"क्रैश,
"crazy":"क्रेज़ी,
"cream":"क्रीम,
"create":"क्रिएट,
"creation":"क्रिएशन,
"creative":"क्रिएटिव,
"creature":"क्रिएचर,
"credit":"क्रेडिट,
"crew":"क्रू,
"crime":"क्राइम,
"criminal":"क्रिमिनल,
"crisis":"क्राइसिस,
"criteria":"क्राइटेरिया,
"critic":"क्रिटिक,
"critical":"क्रिटिकल,
"criticism":"क्रिटिसिज्म,
"criticize":"क्रिटिसाइज,
"crop":"क्रॉप,
"cross":"क्रॉस,
"crowd":"क्राउड,
"crucial":"क्रुशल,
"cry":"क्राई,
"cultural":"कल्चरल,
"culture":"कल्चर,
"cup":"कप,
"curious":"क्यूरियस,
"current":"करंट,
"currently":"करंट्ली,
"curriculum":" करिक्युलम,
"custom":"कस्टम,
"customer":"कस्टमर,
"cut":"कट,
"cycle":"साइकिल,
"dad":"डैड,
"daily":"डेली,
"damage":"डैमेज,
"dance":"डांस,
"danger":"डेंजर,
"dangerous":"डेंजरस,
"dare":"डेअर,
"dark":"डार्क,
"darkness":"डार्कनेस,
"data":"डेटा,
"date":"डेट,
"daughter":"डॉटर,
"day":"डे,
"dead":"डेड,
"deal":"डील,
"dealer":"डीलर,
"dear":"डिअर,
"death":"डेथ,
"debate":"डिबेट,
"debt":"डेब्ट,
"decade":"डेकेड,
"decide":"डिसाइड,
"decision":"डिसीज़न,
"deck":"डेक,
"declare":"डिक्लेयर,
"decline":"डिक्लाइन,
"decrease":"डिक्रीस,
"deep":"डीप,
"deeply":"डीपली,
"deer":"डियर,
"defeat":"डिफीट,
"defend":"डिफेंड,
"defendant":"डिफेंडेंट,
"defense":"डिफेंस,
"defensive":"डिफेंसिव,
"deficit":"डेफिसिट,
"define":"डिफाइन,
"definitely":"डेफिनेटली,
"definition":"डेफिनेशन,
"degree":"डिग्री,
"delay":"डिले,
"deliver":"डिलीवर,
"delivery":"डिलीवरी,
"demand":"डिमांड,
"democracy":"डेमोक्रेसी,
"Democrat":"डेमोक्रेट,
"democratic":"डेमोक्रेटिक,
"demonstrate":"डेमोंस्ट्रेटे,
"demonstration":"डेमोंस्ट्रेशन,
"deny":"डिनाय,
"department":"डिपार्टमेंट,
"depend":"डिपेंड,
"dependent":"डिपेंडेंट,
"depending":"डिपेंडिंग  ,
"depict":"डेपिक्ट,
"depression":"डिप्रेशन,
"depth":"डेप्थ,
"deputy":"डेप्यूटी,
"derive":"डिराइव,
"describe":"डिस्क्राइब,
"description":"डिस्क्रिप्शन,
"desert":"डेज़र्ट,
"deserve":"डिज़र्व,
"design":"डिज़ाइन ,
"designer":"डिज़ाइनर,
"desire":"डिज़ायर,
"desk":"डेस्क ,
"desperate":"डेस्परेट,
"despite":"डिस्पाइट,
"destroy":"डिस्ट्रॉय,
"destruction":"डिस्ट्रक्शन,
"detail":"डीटेल,
"detailed":"डीटेलड,
"detect":"डिटेक्ट,
"determine":"डिटरमाइन,
"develop":"डेवलप,
"developing":"डेवलपिंग,
"development":"डेवलपमेंट,
"device":"डिवाइस,
"devote":"डिवोट,
"dialogue":"डायलॉग,
"die":"डाय,
"diet":"डाइट,
"differ":"डिफर,
"difference":"डिफरेंस,
"different":"डिफरेंट,
"differently":"डिफरेंटली,
"difficult":"डिफिकल्ट,
"difficulty":"डिफीकल्टी,
"dig":"डिग,
"digital":"डिजिटल ,
"dimension":"डायमेंशन,
"dining":"डाइनिंग,
"dinner":"डिनर,
"direct":"डायरेक्ट,
"direction":"डायरेक्शन,
"directly":"डायरेक्टली,
"director":"डायरेक्टर,
"dirt":"डर्ट,
"dirty":"डर्टी,
"disability":"डिसेबिलिटी,
"disagree":"डिसगरी,
"disappear":"डिसअपीयर,
"disaster":"डिज़ास्टर  ,
"discipline":"डिसिप्लिन,
"discourse":"डिस्कोर्स,
"discover":"डिस्कवर,
"discovery":"डिस्कवरी,
"discrimination":"डिस्क्रिमिनेशन,
"discuss":"डिसकस,
"discussion":"डिस्कशन,
"disease":"डिज़ीज़,
"dish":"डिश,
"dismiss":"डिसमिस,
"disorder":"डिसऑर्डर,
"display":"डिस्प्ले,
"dispute":"डिस्प्यूट,
"distance":"डिस्टेंस,
"distant":"डिस्टेंट,
"distinct":"डिस्टिंक्ट,
"distinction":"डिस्टिंक्शन,
"distinguish":"डिस्टिंगुइश,
"distribute":"डिस्ट्रीब्यूट,
"distribution":"डिस्ट्रीब्यूशन,
"district":"डिस्ट्रिक्ट,
"diverse":"डाइवर्स,
"diversity":"डाइवर्सिटी,
"divide":"डिवाइड,
"division":"डिवीज़न,
"divorce":"डाइवोर्स,
"DNA":"डीएनए,
"do":"डू/डॉ,
"doctor":"डॉक्टर,
"document":"डॉक्यूमेंट,
"dog":"डॉग,
"domestic":"डोमेस्टिक,
"dominant":"डोमिनेंट,
"dominate":"डोमिनेट,
"door":"डोर,
"double":"डबल,
"doubt":"डाउट,
"down":"डाउन,
"downtown":"डाउनटाउन,
"dozen":"डज़न,
"draft":"ड्राफ्ट,
"drag":"ड्रैग,
"drama":"ड्रामा,
"dramatic":"ड्रमेटिक,
"dramatically":"ड्रमेटिकली,
"draw":"ड्रॉ,
"drawing":"ड्रॉइंग,
"dream":"ड्रीम,
"dress":"ड्रेस,
"drink":"ड्रिंक,
"drive":"ड्राइव,
"driver":"ड्राइवर,
"drop":"ड्राप,
"drug":"ड्रग,
"dry":"ड्राई,
"due":"ड्यू,
"during":"ड्यूरिंग  ,
"dust":"डस्ट,
"duty":"ड्यूटी,
"each":"ईच,
"eager":" ईगर,
"ear":"इअर,
"early":"अर्ली,
"earn":"अर्न,
"earnings":"अर्निंग,
"earth":"अर्थ,
"ease":"ईज़,
"easily":"इज़ली  ,
"east":"ईस्ट,
"eastern":"ईस्टर्न,
"easy":"इज़ी  ,
"eat":"ईट,
"economic":"इकोनॉमिक,
"economics":"इकोनॉमिक्स,
"economist":"इकोनॉमिस्ट,
"economy":"इकोनॉमी,
"edge":"एज,
"edition":"एडिशन,
"editor":"एडिटर,
"educate":"एज्युकेट,
"education":"एज्युकेशन,
"educational":"एज्युकेशनल,
"educator":"एज्युकेटर,
"effect":"इफेक्ट,
"effective":"इफेक्टिव,
"effectively":"इफेक्टिवली,
"efficiency":"एफिशिएंसी,
"efficient":"एफिशिएंट,
"effort":"एफर्ट,
"egg":"एग,
"eight":"एइट,
"either":"ईदर/आइदर,
"elderly":"एल्डर्ली,
"elect":"इलेक्ट,
"election":"इलेक्शन  ,
"electric":"इलेक्ट्रिक,
"electricity":"इलेक्ट्रिसिटी,
"electronic":"इलेक्ट्रॉनिक,
"element":"एलिमेंट,
"elementary":"एलिमेंट्री  ,
"eliminate":"एलिमिनेट,
"elite":"एलीट,
"else":"एल्स,
"elsewhere":"एल्सव्हेयर,
"e-mail":"ई-मेल,
"embrace":"एम्ब्रेस,
"emerge":"इमर्ज,
"emergency":"इमरजेंसी,
"emission":"एमिशन,
"emotion":"इमोशन,
"emotional":"इमोशनल,
"emphasis":"एम्फसिस,
"emphasize":"एम्फसाइज़,
"employ":"इम्प्लॉय,
"employee":"इम्प्लॉई,
"employer":"इम्प्लॉयर,
"employment":"इम्प्लॉयमेंट  ,
"empty":"एम्प्टी,
"enable":"इनेबल,
"encounter":"एनकाउंटर,
"encourage":"एनकरेज,
"end":"एन्ड,
"enemy":"एनिमी/एनमी,
"energy":"एनर्जी,
"enforcement":"एन्फॉर्स्मन्ट ,
"engage":"एंगेज/इंगेज ,
"engine":"इंजन,
"engineer":"इंजीनियर,
"engineering":"इंजीनियरिंग,
"English":"इंग्लिश,
"enhance":"एन्हांस,
"enjoy":"एंजॉय,
"enormous":"इनॉरमस,
"enough":"ईनफ,
"ensure":"एन्शुअर ,
"enter":"एंटर,
"enterprise":"एंटरप्राइज,
"entertainment":"एंटरटेनमेंट,
"entire":"एंटाइअर,
"entirely":"एन्टाइअर्ली,
"entrance":"एंट्रेंस,
"entry":"एंट्री,
"environment":"एनवायरनमेंट,
"environmental":"एनवायर्नमेंटल,
"episode":"एपिसोड,
"equal":"इक्वल,
"equally":"ईक्वली,
"equipment":"इक्विप्मेंट,
"era":"एरा,
"error":"एरर,
"escape":"एस्केप,
"especially":"स्पेशली/एस्पेशली,
"essay":"एस्से,
"essential":"इसेंशल,
"essentially":"इसेंशली,
"establish":"इस्टैब्लिश,
"establishment":"इस्टैब्लिशमेंट,
"estate":"एस्टेट,
"estimate":"एस्टीमेट,
"etc":"ईटीसी,
"ethics":"एथिक्स,
"ethnic":"एथनिक,
"European":"यूरोपियन,
"evaluate":"इवैल्यूएट,
"evaluation":"इवैल्यूएशन,
"even":"इवन,
"evening":"इवनिंग,
"event":"इवेंट,
"eventually":"इवेन्चूअली,
"ever":"एवर,
"every":"एव्री,
"everybody":"एव्रीबडी,
"everyday":"एवरीडे/एव्रीडे,
"everyone":"एवरीवन/एव्रीवन,
"everything":"एवरीथिंग/एव्रीथिंग,
"everywhere":"एवरीव्हेर/एव्रीव्हेर,
"evidence":"एविडेंस,
"evolution":"एवोलुशन,
"evolve":"इवॉल्व,
"exact":"इग्ज़ैक्ट,
"exactly":"इग्ज़ैक्ट्ली,
"examination":"इग्ज़ैमिनेशन/एग्ज़ामिनेशन,
"examine":"इग्ज़ैमिन/एग्ज़ामिन,
"example":"इग्ज़ैम्पल/एग्ज़ांपल,
"exceed":"एक्सीड,
"excellent":"एक्सीलेंट,
"except":"एक्सेप्ट,
"exception":"एक्सेप्शन,
"exchange":"एक्सचेंज,
"exciting":"एक्साइटिंग,
"executive":"एग्ज़िक्युटिव,
"exercise":"एक्सरसाइज,
"exhibit":"एग्ज़िबिट,
"exhibition":"एग्ज़िबिशन,
"exist":"एग्ज़िस्ट,
"existence":"एग्ज़िस्टन्स/इग्ज़िस्टन्स,
"existing":"एग्ज़िस्टिंग/इग्ज़िस्टिंग,
"expand":"एक्सपैंड ,
"expansion":"एक्स्पैन्शन/इक्स्पैन्शन,
"expect":"एक्सपेक्ट,
"expectation":"एक्सपेक्टेशन,
"expense":"एक्सपेंस,
"expensive":"एक्सपेंसिव,
"experience":"एक्सपीरियंस,
"experiment":"एक्सपेरिमेंट,
"expert":"एक्सपर्ट,
"explain":"एक्सप्लेन,
"explanation":"एक्स्प्लनेशन,
"explode":"एक्सप्लोड,
"explore":"एक्स्प्लोर,
"explosion":"एक्स्प्लोज़न,
"expose":"एक्सपोज़,
"exposure":"एक्सपोज़र,
"express":"एक्सप्रेस,
"expression":"एक्सप्रेशन,
"extend":"एक्सटेंड,
"extension":"एक्सटेंशन,
"extensive":"एक्सटेंसिव,
"extent":"एक्सटेंट,
"external":"एक्सटर्नल,
"extra":"एक्स्ट्रा,
"extraordinary":"एक्स्ट्राऑर्डिनरी,
"extreme":"एक्सट्रीम,
"extremely":"एक्सट्रीमली,
"eye":"आइ,
"fabric":"फैब्रिक,
"face":"फेस,
"facility":"फैसिलिटी,
"fact":"फैक्ट,
"factor":"फैक्टर,
"factory":"फैक्ट्री,
"faculty":"फैकल्टी,
"fade":"फेड,
"fail":"फेल,
"failure":"फेलियर,
"fair":"फेयर,
"fairly":"फेयरली,
"faith":"फेथ,
"fall":"फॉल,
"false":"फॉल्स,
"familiar":"फैमिलियर,
"family":"फैमली,
"famous":"फेमस,
"fan":"फैन,
"fantasy":"फैन्टसी,
"far":"फार,
"farm":"फार्म,
"farmer":"फार्मर,
"fashion":"फैशन,
"fast":"फ़ास्ट,
"fat":"फैट,
"fate":"फेट,
"father":"फादर,
"fault":"फॉल्ट,
"favor":"फेवर,
"favorite":"फेवरेट,
"fear":"फियर,
"feature":"फीचर,
"federal":"फेडरल,
"fee":"फी,
"feed":"फीड,
"feel":"फील,
"feeling":"फीलिंग,
"fellow":"फैलो,
"female":"फीमेल,
"fence":"फेन्स,
"few":"फ्यू,
"fewer":"फ्यूअर,
"fiber":"फाइबर ,
"fiction":"फिक्शन,
"field":"फील्ड,
"fifteen":"फिफ्टीन,
"fifth":"फिफ्थ,
"fifty":"फिफ्टी,
"fight":"फाइट,
"fighter":"फाइटर,
"fighting":"फाइटिंग,
"figure":"फिगर,
"file":"फाइल,
"fill":"फिल,
"film":"फिल्म,
"final":"फाइनल,
"finally":"फाइनली,
"finance":"फाइनेंस,
"financial ":"फाइनैंशल,
"find":"फंड,
"finding":"फाइंडिंग,
"fine":"फाइन,
"finger":"फिंगर,
"finish":"फिनिश,
"fire":"फायर,
"firm":"फर्म,
"first":"फर्स्ट,
"fish":"फिश,
"fishing":"फिशिंग,
"fit":"फिट,
"fitness":"फिटनेस,
"five":"फाइव,
"fix":"फिक्स,
"flag":"फ्लैग,
"flame":"फ्लेम,
"flat":"फ्लैट,
"flavor":"फ्लेवर,
"flee":"फ्ली,
"flesh":"फ्लैश,
"flight":"फ्लाइट,
"float":"फ्लोट,
"floor":"फ्लोर,
"flow":"फ्लो,
"flower":"फ्लावर,
"fly":"फ्लाई,
"focus":"फोकस,
"folk":"फोक/फोल्क,
"follow":"फॉलो,
"following":"फॉलोइंग,
"food":"फूड,
"foot":"फुट,
"football":"फुटबॉल,
"for":"फॉर,
"force":"फोर्स,
"foreign":"फॉरन  ,
"forest":"फॉरेस्ट,
"forever":"फॉरेवर,
"forget":"फॉरगेट,
"form":"फॉर्म,
"formal":"फॉर्मल,
"formation":"फॉरमेशन,
"former":"फॉर्मर,
"formula":"फार्मूला/फॉर्म्युला,
"forth":"फॉर्थ,
"fortune":"फॉर्च्यून,
"forward":"फॉरवर्ड,
"found":"फाउंड,
"foundation":"फाउंडेशन,
"founder":"फाउंडर,
"four":"फोर,
"fourth":"फोर्थ,
"frame":"फ्रेम,
"framework":"फ्रेमवर्क,
"free":"फ्री,
"freedom":"फ्रीडम,
"freeze":"फ्रीज,
"French":"फ्रेंच,
"frequency":"फ्रीक्वेंसी,
"frequent":"फ्रीक्वेंट,
"frequently":"फ्रेक्वेंटली,
"fresh":"फ्रेश,
"friend":"फ्रेंड,
"friendly":"फ्रेंडली,
"friendship":"फ्रेंडशिप,
"from":"फ्रॉम,
"front":"फ्रंट,
"fruit":"फ्रूट,
"frustration":"फ्रस्ट्रेशन,
"fuel":"फ्यूल,
"full":"फुल/फुल्ल,
"fully":"फुल्ली,
"fun":"फन,
"function":"फंक्शन,
"fund":"फंड,
"fundamental":"फंडामेंटल,
"funding":"फंडिंग,
"funeral":"फ्यूनरल,
"funny":"फनी,
"furniture":"फर्निचर,
"furthermore":"फर्दरमोर,
"future":"फ्यूचर,
"gain":"गेन,
"galaxy":"गैलेक्सी,
"gallery":"गैलरी,
"game":"गेम,
"gang":"गैंग,
"gap":"गैप,
"garage":"गेराज,
"garden":"गार्डन,
"garlic":"गार्लिक,
"gas":"गैस,
"gate":"गेट,
"gather":"गैदर,
"gay":"गे,
"gaze":"गेज़,
"gear":"गियर,
"gender":"जेंडर,
"gene":"जीन,
"general":" जेनरल/जनरल,
"generally":"जेनरली/जनरली,
"generate":"जनरेट,
"generation":"जनरेशन,
"genetic":"जेनेटिक,
"gentleman":"जेंटलमैन,
"gently":"जेंटली,
"German":"जर्मन,
"gesture":"जेस्चर,
"get":"गेट,
"ghost":"घोस्ट,
"giant":"जाइंट,
"gift":"गिफ्ट,
"gifted":"गिफ्टिड,
"girl":"गर्ल,
"girlfriend":"गर्लफ्रेंड,
"give":"गिव,
"given":"गिवन,
"glad":"ग्लैड,
"glance":"ग्लांस,
"glass":"ग्लास,
"global":"ग्लोबल,
"glove":"ग्लोव,
"go":"गो,
"goal":"गोल,
"God":"गॉड,
"gold":"गोल्ड,
"golden":"गोल्डन,
"golf":"गोल्फ,
"good":"गुड,
"government":"गवर्मन्ट,
"governor":"गवर्नर,
"grab":"ग्रैब,
"grade":"ग्रेड,
"gradually":"ग्रैजुअली,
"graduate":"ग्रेजुएट,
"grain":"ग्रेन,
"grand":"ग्रैंड,
"grandfather":"ग्रैंडफादर,
"grandmother":"ग्रैंडमदर,
"grant":"ग्रांट,
"grass":"ग्रास,
"grave":"ग्रेव,
"gray":"ग्रे,
"great":"ग्रेट,
"greatest":"ग्रेटेस्ट,
"green":"ग्रीन,
"grocery":"ग्रोसरी,
"ground":"ग्राउंड,
"group":"ग्रुप,
"grow":"ग्रो,
"growing":"ग्रोइंग,
"growth":"ग्रोथ,
"guarantee":"गैरन्टी,
"guard":"गार्ड,
"guess":"गेस,
"guest":"गेस्ट,
"guide":"गाइड,
"guideline":"गाइडलाइन,
"guilty":"गिलटी,
"gun":"गन,
"guy":"गाए,
"habit":"हैबिट,
"habitat":"हैबिटेट,
"hair":"हेयर,
"half":"हाल्फ,
"hall":"हॉल,
"hand":"हैंड,
"handful":"हैंडफुल,
"handle":"हैंडल ,
"hang":"हैंग,
"happen":"हैपन,
"happy":"हैप्पी,
"hard":"हार्ड,
"hardly":"हार्डली,
"hat":"हैट,
"hate":"हेट,
"have":"हैव,
"he":"ही,
"head":"हेड,
"headline":"हेडलाइन,
"headquarters":"हेडक्वार्टर्स,
"health":"हेल्थ,
"healthy":"हेल्दी/हेल्थी ,
"hear":"हेअर,
"hearing":"हेअरिंग,
"heart":"हार्ट,
"heat":"हीट,
"heaven":"हेवन,
"heavily":"हेविली,
"heavy":"हैवी,
"heel":"हील,
"height":"हाइट,
"helicopter":"हेलीकॉप्टर,
"hell":"हेल,
"hello":"हेलो,
"help":"हेल्प,
"helpful":"हेल्पफुल,
"her":"हर,
"here":"हेयर,
"heritage":"हेरिटेज,
"hero":"हीरो,
"herself":"हरसेल्फ,
"hey":"हे,
"hi":"ही,
"hide":"हाईड,
"high":"हाई,
"highlight":"हाईलाइट,
"highly":"हाइली,
"highway":"हाईवे,
"hill":"हिल,
"him ":"हिम,
"himself":"हिमसेल्फ,
"hip":"हिप,
"hire":"हाअर,
"his":"हिज़,
"historian":"हिस्टोरियन,
"historic":"हिस्टॉरिक,
"historical":"हिस्टोरिकल,
"history":"हिस्ट्री,
"hit":"हिट,
"hold":"होल्ड,
"hole":"होल,
"holiday":"हॉलिडे,
"holy":"होली,
"home":"होम,
"homeless":"होमलेस,
"honest":"ऑनेस्ट,
"honey":"हनी,
"honor":"ऑनर,
"hope":"होप,
"horizon":"होराइजन,
"horror":"हॉरर,
"horse":"हॉर्स,
"hospital":"हॉस्पिटल,
"host":"होस्ट,
"hot":"हॉट,
"hotel":"होटल,
"hour":"आवर,
"house":"हाउस,
"household":"हाउसहोल्ड,
"housing":"हाउसिंग,
"how":"हाउ,
"however":"हाउएवर,
"huge":"ह्यूज,
"human":"ह्यूमन,
"humor":"ह्यूमर,
"hundred":"हंड्रेड,
"hungry":"हंगरी,
"hunter":"हंटर,
"hunting":"हंटिंग,
"hurt":"हर्ट,
"husband":"हस्बैंड,
"hypothesis":"हाइपोथिसिस,
"I":"आइ/आई ,
"ice":"आइस,
"idea":"आईडिया,
"ideal":"आइडियल,
"identification":"आइडेंटिफिकेशन,
"identify":"आइडेंटिफाई,
"identity":"आइडेंटिटी,
"ie":"आई/आईई  ,
"if":"इफ,
"ignore":"इग्नोर,
"ill":"इल,
"illegal":"इलीगल,
"illness":"इलनेस,
"illustrate":"इलस्ट्रेट,
"image":"इमेज,
"imagination":"इमेजिनेशन,
"imagine":"इमेजिन,
"immediate":"इमीडिएट,
"immediately":"इमीडीएटली,
"immigrant":"इमीग्रेंट,
"immigration":"इमीग्रेशन,
"impact":"इम्पैक्ट,
"implement":"इम्प्लीमेंट,
"implication":"इम्प्लीकेशन,
"imply":"इम्प्लाइ,
"importance":"इम्पोर्टेंस,
"important":"इम्पोर्टेन्ट,
"impose":"इम्पोज़,
"impossible":"इम्पॉसिबल,
"impress":"इम्प्रेस,
"impression":"इम्प्रैशन,
"impressive":"इम्प्रेसिव,
"improve":"इम्प्रूव,
"improvement":"इम्प्रूवमेंट,
"in":"इन,
"incentive":"इन्सेन्टिव,
"incident":"इन्सिडेंट,
"include":"इंक्लूड,
"including":"इंक्लूडिंग,
"income":"इनकम,
"incorporate":"इनकॉरपोरेट,
"increase":"इन्क्रीज़,
"increased":"इन्क्रीस्ड,
"increasing":"इन्क्रीसिंग,
"increasingly":"इन्क्रीसिंगली,
"incredible":"इनक्रेडिबल,
"indeed":"इनडीड,
"independence":"इंडिपेंडेंस,
"independent":"इंडिपेंडेंट,
"index":"इंडेक्स,
"Indian":"इंडियन,
"indicate":"इंडीकेट,
"indication":"इंडिकेशन,
"individual":"इंडिविजुअल,
"industrial":"इंडस्ट्रियल,
"industry":"इंडस्ट्री,
"infant":"इन्फेंट,
"infection":"इन्फेक्शन,
"inflation":"इन्फ्लेशन,
"influence":"इन्फ्लुएंस,
"inform":"इन्फॉर्म,
"information":"इन्फॉर्मेशन,
"ingredient":"इंग्रीडिएंट,
"initial":"इनिशियल,
"initially":"इनिशियली,
"initiative":"इनिशिएटिव,
"injury":"इंजरी,
"inner":"इनर,
"innocent":"इनोसेंट,
"inquiry":"इन्क्वायरी,
"inside":"इनसाइड,
"insight":"इनसाइट,
"insist":"इंसिस्ट,
"inspire":"इन्स्पायर,
"install":"इंस्टॉल,
"instance":"इंस्टैंस,
"instead":"इंस्टेड,
"institution":"इंस्टीट्यूशन,
"institutional":"इंस्टीट्यूशनल  ,
"instruction":"इंस्ट्रक्शन,
"instructor":"इंस्ट्रक्टर,
"instrument":"इंस्ट्रूमेंट,
"insurance":"इंश्योरेंस,
"intellectual":"इंटेलेक्चुअल,
"intelligence":"इंटेलिजेंस,
"intend":"इंटेंड,
"intense":"इंटेंस,
"intensity":"इंटेंसिटी,
"intention":"इंटेंशन,
"interaction":"इंटरेक्शन,
"interest":"इंटरेस्ट,
"interested":"इंटरेस्टेड,
"interesting":"इंटरेस्टिंग,
"internal":"इंटरनल,
"international":"इंटरनेशनल,
"Internet":"इंटरनेट,
"interpret":"इंटरप्रेट,
"interpretation":"इंटरप्रिटेशन,
"intervention":"इंटरवेंशन,
"interview":"इंटरव्यू,
"into":"इन्टू,
"introduce":"इंट्रोड्यूस,
"introduction":"इंट्रोडक्शन,
"invasion":"इन्वेज़न,
"invest":"इन्वेस्ट,
"investigate":"इन्वेस्टीगेट,
"investigation":"इन्वेस्टीगेशन,
"investigator":"इन्वेस्टिगेटर,
"investment":"इन्वेस्टमेंट,
"investor":"इन्वेस्टर,
"invite":"इनवाइट,
"involve":"इंवॉल्व,
"involved":"इंवॉल्वड,
"involvement":"इंवॉल्वमेंट  ,
"Iraqi":"इराकी,
"Irish":"आयरिश,
"iron":"आयरन,
"Islamic":"इस्लामिक,
"island":"आइलैंड,
"Israeli":"इसरायली,
"issue":"इशू,
"it":"इट,
"Italian":"इटैलियन,
"item":"आइटम,
"its":"इट्स,
"itself":"इटसेल्फ,
"jacket":"जैकेट,
"jail":"जेल,
"Japanese":"जैपनीज़,
"jet":"जेट,
"Jew":"ज्यू,
"Jewish":"ज्यूइश,
"job":"जॉब,
"join":"जॉइन,
"joint":"जॉइंट,
"joke":"जोक,
"journal":"जर्नल,
"journalist":"जर्नलिस्ट,
"journey":"जर्नी,
"joy":"जॉय,
"judge":"जज,
"judgment":"जजमेंट,
"juice":"जूस,
"jump":"जम्प,
"junior":"जूनियर,
"jury":"जूरी,
"just":"जस्ट,
"justice":"जस्टिस,
"justify":"जस्टिफाई,
"keep":"कीप,
"key":"की ,
"kick":"किक,
"kid":"किड,
"kill":"किल,
"killer":"किलर,
"killing":"किलिंग,
"kind":"काइंड,
"king":"किंग,
"kiss":"किस ,
"kitchen":"किचन,
"knee":"नी,
"knife":"नाइफ,
"knock":"नॉक,
"know":"नो,
"knowledge":"नॉलेज,
"lab":"लैब,
"label":"लेबल,
"labor":"लेबर,
"laboratory":"लेबोरेटरी,
"lack":"लैक,
"lady":"लेडी,
"lake":"लेक,
"land":"लैंड,
"landscape":"लैंडस्केप,
"language":"लैंग्वेज,
"lap":"लैप,
"large":"लार्ज,
"largely":"लार्जली,
"last":"लास्ट,
"late":"लेट,
"later":"लेटर,
"Latin":"लैटिन,
"latter":"लेटर,
"laugh":"लाफ,
"launch":"लॉन्च,
"law":"लॉ,
"lawn":"लॉन,
"lawsuit":"लॉसूट,
"lawyer":"लॉयर,
"lay":"ले,
"layer":"लेयर,
"lead":"लीड,
"leader":"लीडर,
"leadership":"लीडरशिप,
"leading":"लीडिंग,
"leaf":"लीफ,
"league":"लीग,
"lean":"लीन,
"learn":"लर्न,
"learning":"लर्निंग,
"least":"लीस्ट,
"leather":"लैदर,
"leave":"लीव,
"left":"लेफ्ट,
"leg":"लेग,
"legacy":"लेगेसी,
"legal":"लीगल,
"legend":"लेजेंड,
"legislation":"लेजिस्लेशन,
"legitimate":"लेजिटीमेट,
"lemon":"लेमन,
"length":"लेंथ,
"less":"लेस,
"lesson":"लेसन,
"let":"लेट,
"letter":"लेटर,
"level":"लेवल,
"liberal":"लिबरल,
"library":"लाइब्रेरी,
"license":"लाइसेंस,
"lie":"लाय,
"life":"लाइफ,
"lifestyle":"लाइफस्टाइल,
"lifetime":"लाइफटाइम,
"lift":"लिफ्ट,
"light":"लाइट,
"like":"लाइक,
"likely":"लाइक्ली,
"limit":"लिमिट,
"limitation":"लिमिटेशन,
"limited":"लिमिटेड,
"line":"लाइन,
"link":"लिंक,
"lip":"लिप,
"list":"लिस्ट,
"listen":"लिसन,
"literally":"लिटरली,
"literary":"लिटररी,
"literature":"लिटरेचर,
"little":"लिटिल,
"live":"लाइव,
"living":"लिविंग,
"load":"लोड,
"loan":"लोन,
"local":"लोकल,
"locate":"लोकेट,
"location":"लोकेशन,
"lock":"लॉक,
"long":"लॉन्ग,
"long-term":"लॉन्ग-टर्म,
"look":"लुक,
"loose":"लूज़ ,
"lose":"लूज़,
"loss":"लॉस,
"lost":"लॉस्ट,
"lot":"लोट,
"lots":"लॉट्स,
"loud":"लाउड,
"love":"लव,
"lovely":"लवली,
"lover":"लवर,
"low":"लो ,
"lower":"लोअर,
"luck":"लक,
"lucky":"लकी,
"lunch":"लंच,
"lung":"लंग,
"machine":"मशीन,
"mad":"मैड ,
"magazine":"मैगज़ीन,
"mail":"मेल,
"main":"मेन,
"mainly":"मैनली,
"maintain":"मेन्टेन,
"maintenance":"मेंटेनेंस,
"major":"मेजर,
"majority":"मेजोरिटी,
"make":"मेक,
"maker":"मेकर,
"makeup":"मेकअप,
"male":"मेल,
"mall":"मॉल,
"man":"मैन,
"manage":"मैनेज,
"management":"मैनेजमेंट,
"manager":"मैनेजर,
"manner":"मैनर,
"manufacturer":"मैन्युफैक्चरर,
"manufacturing":"मैन्युफैक्चरिंग,
"many":"मैनी ,
"map":"मैप,
"margin":"मार्जिन,
"mark":"मार्क,
"market":"मार्किट,
"marketing":"मार्केटिंग,
"marriage":"मैरिज,
"married":"मैरिड,
"marry":"मैरी,
"mask":"मास्क,
"mass":"मास,
"massive":"मैसिव,
"master":"मास्टर,
"match":"मैच,
"material":"मैटेरियल,
"math":"मैथ,
"matter":"मैटर,
"may":"मे,
"maybe":"मेबी ,
"mayor":"मेयर,
"me":"मी ,
"meal":"मील,
"mean":"मीन,
"meaning":"मीनिंग,
"meanwhile":"मीनवाइल,
"measure":"मैज़र,
"measurement":"मेज़रमेंट,
"meat":"मीट,
"mechanism":"मैकेनिज्म ,
"media":"मीडिया,
"medical":"मेडिकल,
"medication":"मेडिकेशन,
"medicine":"मेडिसिन,
"medium":"मीडियम ,
"meet":"मीट,
"meeting":"मीटिंग,
"member":"मेंबर,
"membership":"मेम्बरशिप,
"memory":"मेमोरी,
"mental":"मेन्टल,
"mention":"मेंशन,
"menu":"मेन्यू,
"mere":"मेअर ,
"merely":"मेअरली,
"mess":"मेस,
"message":"मैसेज,
"metal":"मेटल,
"meter":"मीटर,
"method":"मेथड,
"Mexican":"मेक्सिकन,
"middle":"मिडिल,
"might":"माइट,
"military":"मिलिट्री,
"milk":"मिल्क,
"million":"मिलियन,
"mind":"माइंड ,
"mine":"माइन,
"minister":"मिनिस्टर,
"minor":"माइनर,
"minority":"माइनॉरिटी,
"minute":"मिनट,
"miracle":"मिरेकल,
"mirror":"मिरर,
"miss":"मिस,
"missile":"मिसाइल,
"mission":"मिशन,
"mistake":"मिस्टेक,
"mix":"मिक्स,
"mixture":"मिक्सचर,
"mm-hmm":"मम-हम्म,
"mode":"मोड,
"model":"मॉडल,
"moderate":"मॉडरेट,
"modern":"मॉडर्न,
"modest":"मॉडेस्ट,
"mom":"मॉम ,
"moment":"मोमेंट,
"money":"मनी,
"monitor":"मॉनिटर,
"month":"मंथ,
"mood":"मूड,
"moon":"मून,
"moral":"मोरल,
"more":"मोर,
"moreover":"मोरोवर,
"morning":"मॉर्निंग,
"mortgage":"मॉर्गिज,
"most":"मोस्ट,
"mostly":"मोस्टली,
"mother":"मदर,
"motion":"मोशन,
"motivation":"मोटिवेशन,
"motor":"मोटर,
"mount":"माउंट,
"mountain":"माउंटेन,
"mouse":"माउस,
"mouth":"माउथ,
"move":"मूव,
"movement":"मूवमेंट,
"movie":"मूवी,
"Mr":"मिस्टर,
"Mrs":"मिसिज़,
"Ms":"मिस ,
"much":"मच,
"multiple":"मल्टीपल,
"murder":"मर्डर,
"muscle":"मसल,
"museum":"म्यूज़ियम,
"music":"म्यूज़िक,
"musical":"म्यूज़िकल,
"musician":"म्यूज़िशियन  ,
"Muslim":"मुस्लिम,
"must":"मस्ट,
"mutual":"म्यूच्यूअल,
"my":"माय,
"myself":"माइसेल्फ,
"mystery":"मिस्ट्री,
"myth":"मिथ,
"naked":"नेकेड,
"name":"नेम,
"narrative":"नैरेटिव,
"narrow":"नैरो,
"nation":"नेशन,
"national":"नेशनल,
"native":"नेटिव,
"natural":"नेचुरल,
"naturally":"नैचुरली,
"nature":"नेचर,
"near":"नियर,
"nearby":"नियरबाई,
"nearly":"निअर्ली,
"necessarily":"नेसेसरीली,
"necessary":"नेसेसरी,
"neck":"नैक,
"need":"नीड,
"negative":"नेगेटिव,
"negotiate":"नेगोशिएट,
"negotiation":"नेगोशिएशन,
"neighbor":"नेबर,
"neighborhood":"नेबरहुड,
"neither":"निदर,
"nerve":"नर्व,
"nervous":"नर्वस,
"net":"नेट,
"network":"नेटवर्क,
"never":"नेवर,
"nevertheless":"नेवरदलेस,
"new":"न्यू,
"newly":"न्यूली ,
"news":"न्यूज़,
"newspaper":"न्यूज़पेपर ,
"next":"नेक्स्ट,
"nice":"नाइस,
"night":"नाईट,
"nine":"नाइन,
"no":"नो,
"nobody":"नोबडी,
"nod":"नोड,
"noise":"नॉइज़,
"nomination":"नॉमिनेशन,
"none":"नन,
"nonetheless":"ननदलेस,
"nor":"नॉर,
"normal":"नॉर्मल,
"normally":"नॉर्मली,
"north":"नॉर्थ,
"northern":"नॉर्थेर्न,
"nose":"नोज़,
"not":"नॉट,
"note":"नोट,
"nothing":"नथिंग,
"notice":"नोटिस,
"notion":"नोशन,
"novel":"नॉवेल,
"now":"नाओ,
"nowhere":"नोवेयर,
"n't":"न'टी,
"nuclear":"न्यूक्लियर,
"number":"नंबर,
"numerous":"न्यूमरस,
"nurse":"नर्स,
"nut":"नट,
"object":"ऑब्जेक्ट,
"objective":"ऑब्जेक्टिव,
"obligation":"ऑब्लिगेशन,
"observation":"ऑब्ज़रवेशन,
"observe":"ऑब्ज़र्व,
"observer":"ऑब्ज़र्वर  ,
"obtain":"ऑब्टेन,
"obvious":"ऑब्वियस,
"obviously":"ऑब्वियस्ली,
"occasion":"ऑकेज़न,
"occasionally":"ऑकेज़नली,
"occupation":"ऑक्यूपेशन ,
"occupy":"ऑक्यूपाई  ,
"occur":"अकर,
"ocean":"ओशन,
"odd":"ऑड,
"odds":"ऑड्स,
"of":"ऑफ़,
"off":"ऑफ,
"offense":"ऑफेंस,
"offensive":"ऑफ्फेंसिव,
"offer":"ऑफर,
"office":"ऑफिस,
"officer":"ऑफिसर,
"official":"ऑफिशियल,
"often":"ऑफन,
"oh":"ओह,
"oil":"ऑइल,
"ok":"ओके,
"okay":"ओके,
"old":"ओल्ड,
"Olympic":"ओलंपिक,
"on":" ऑन ,
"once":"वन्स,
"one":"वन,
"ongoing":"ऑनगोइंग,
"onion":"अनियन,
"online":"ऑनलाइन,
"only":"ओनली,
"onto":"ऑनटू,
"open":"ओपन,
"opening":"ओपनिंग,
"operate":"ऑपरेट,
"operating":"ऑपरेटिंग,
"operation":"ऑपरेशन,
"operator":"ऑपरेटर,
"opinion":"ओपिनियन,
"opponent":"ओप्पोनेंट,
"opportunity":"ऑपॉर्च्युनिटी,
"oppose":"अपोज़,
"opposite":"अपोज़िट,
"opposition":"ऑपज़िशन,
"option":"ऑप्शन,
"or":"ऑर,
"orange":"ऑरेंज,
"order":"ऑर्डर ,
"ordinary":"ऑर्डिनरी,
"organic":"ऑर्गेनिक ,
"organization":"ऑर्गनाइज़ेशन   ,
"organize":"ऑर्गनाइज़,
"orientation":"ओरिएंटेशन,
"origin":"ओरिजिन,
"original":"ओरिजनल,
"originally":"ओरिजनली,
"other":"अदर,
"others":"अदर्स,
"otherwise":"अदरवाइज़  ,
"ought":"ऑट,
"our":"आर,
"ourselves":" आरसेल्वस,
"out":"आउट,
"outcome":"आउटकम,
"outside":"आउटसाइड,
"oven":"ओवन,
"over":"ओवर,
"overall":"ओवरऑल,
"overcome":"ओवरकम,
"overlook":"ओवरलुक,
"owe":"ओ,
"own":"ओन,
"owner":"ओनर,
"pace":"पेस,
"pack":"पैक,
"package":"पैकेज,
"page":"पेज,
"pain":"पेन,
"painful":"पेनफुल,
"paint":"पेंट,
"painter":"पेंटर,
"painting":"पेंटिंग,
"pair":"पेअर,
"pale":"पेल,
"Palestinian":"पैलिस्टिनीयन,
"palm":"पाम/पाल्म,
"pan":"पैन,
"panel":"पैनल,
"pant":"पैन्ट,
"paper":"पेपर,
"parent":"पैरेंट,
"park":"पार्क,
"parking":"पार्किंग,
"part":"पार्ट,
"participant":"पार्टिसिपेंट,
"participate":"पार्टिसिपेट,
"participation":"पार्टिसिपेशन,
"particular":"पर्टिक्युलर,
"particularly":"पर्टिक्यूलरली,
"partly":"पार्टली,
"partner":"पार्टनर,
"partnership":"पार्टनरशिप,
"party":"पार्टी,
"pass":"पास,
"passage":"पैसेज,
"passenger":"पैसेंजर,
"passion":"पैशन,
"past":"पास्ट,
"patch":"पैच,
"path":"पाथ,
"patient":"पेशेंट,
"pattern":"पैटर्न,
"pause":"पॉज़,
"pay":"पे,
"payment":"पेमेंट,
"PC":"पीसी,
"peace":"पीस,
"peak":"पीक,
"peer":"पीअर,
"penalty":"पेनल्टी,
"people":"पीपल,
"pepper":"पैपर,
"per":"पर,
"perceive":"परसीव,
"percentage":"परसेंटेज/,
"perception":"परसेप्शन,
"perfect":"परफेक्ट,
"perfectly":"पर्फेक्ट्ली,
"perform":"परफॉर्म,
"performance":"परफॉरमेंस,
"perhaps":"परहैप्स,
"period":"पीरियड,
"permanent":"परमानेंट/पर्मानेंट,
"permission":"पर्मिशन,
"permit":"परमिट,
"person":"पर्सन,
"personal":"पर्सनल,
"personality":"पर्सनैलिटी,
"personally":"पर्सनली,
"personnel":"पर्सनेल,
"perspective":"पर्सपेक्टिव,
"persuade":"परसुएड,
"pet":"पेट,
"phase":"फेज़,
"phenomenon":"फेनोमेनन,
"philosophy":"फिलॉसफी,
"phone":"फ़ोन,
"photo":"फोटो,
"photograph":"फोटोग्राफ,
"photographer":"फोटोग्राफर,
"phrase":"फ्रेज़,
"physical":"फिज़िकल,
"physically":"फिज़िकली ,
"physician":"फिजिशियन,
"piano":"पियानो,
"pick":"पिक,
"picture":"पिक्चर,
"pie":"पाई,
"piece":"पीस,
"pile":"पाइल,
"pilot":"पायलट,
"pine":"पाइन,
"pink":"पिंक,
"pipe":"पाइप,
"pitch":"पिच,
"place":"प्लेस,
"plan":"प्लैन,
"plane":"प्लेन,
"planet":"प्लैनेट,
"planning":"प्लैनिंग,
"plant":"प्लांट,
"plastic":"प्लास्टिक,
"plate":"प्लेट,
"platform":"प्लेटफॉर्म,
"play":"प्ले,
"player":"प्लेयर,
"please":"प्लीज़,
"pleasure":"प्लैज़र  ,
"plenty":"प्लेंटी,
"plot":"प्लॉट,
"plus":"प्लस,
"PM":"पीएम,
"pocket":"पॉकेट,
"poem":"पोयम,
"poet":"पोएट,
"poetry":"पोएट्री,
"point":"पॉइंट,
"pole":"पोल,
"police":"पुलिस,
"policy":"पॉलिसी,
"political":"पॉलिटिकल,
"politically":"पॉलिटिकली,
"politician":"पॉलिटिशियन,
"politics":"पॉलिटिक्स,
"poll":"पोल,
"pollution":"पोल्युशन,
"pool":"पूल,
"poor":"पुअर,
"pop":"पॉप,
"popular":"पॉपुलर/पॉप्युलर,
"population":"पॉप्युलेशन,
"porch":"पोर्च,
"port":"पोर्ट,
"portion":"पोर्शन,
"portrait":"पोर्ट्रेट,
"portray":"पोर्ट्रे,
"pose":"पोज़,
"position":"पोज़िशन,
"positive":"पॉज़िटिव,
"possess":"पॉज़ेस,
"possibility":"पॉसिबिलिटी,
"possible":"पॉसिबल,
"possibly":"पॉसिबली,
"post":"पोस्ट,
"pot":"पॉट,
"potato":"पोटैटो,
"potential":"पोटेंशियल,
"potentially":"पोटेंशियली,
"pound":"पाउंड,
"pour":"पौर,
"poverty":"पॉवर्टी,
"powder":"पाउडर,
"power":"पावर,
"powerful":"पावरफुल,
"practical":"प्रैक्टिकल,
"practice":"प्रैक्टिस,
"pray":"प्रे,
"prayer":"प्रेयर,
"precisely":"प्रिसाइसली  ,
"predict":"प्रिडिक्ट,
"prefer":"प्रेफर,
"preference":"प्रेफरेंस,
"pregnancy":"प्रेगनेंसी,
"pregnant":"प्रेग्नेंट,
"preparation":"प्रिपरेशन,
"prepare":"प्रिपेअर,
"prescription":"प्रिस्क्रिप्शन,
"presence":"प्रज़ेंस,
"present":"प्रेज़ेंट,
"presentation":"प्रेज़ेंटेशन ,
"preserve":"प्रिज़र्व,
"president":"प्रेसिडेंट,
"presidential":"प्रेज़िडेंशल,
"press":"प्रेस,
"pressure":"प्रेशर,
"pretend":"प्रिटेंड,
"pretty":"प्रीटी,
"prevent":"प्रिवेंट,
"previous":"प्रीवियस,
"previously":"प्रीवियसली,
"price":"प्राइस,
"pride":"प्राइड,
"priest":"प्रीस्ट,
"primarily":"प्राइमेरली,
"primary":"प्राइमरी,
"prime":"प्राइम,
"principal":"प्रिंसिपल,
"principle":"प्रिंसिपल,
"print":"प्रिंट,
"prior":"प्रायर,
"priority":"प्रायोरिटी,
"prison":"प्रिज़न,
"prisoner":"प्रिज़नर,
"privacy":"प्राइवेसी,
"private":"प्राइवेट,
"probably":"प्रोबेबली,
"problem":"प्रॉब्लम,
"procedure":"प्रोसीजर,
"proceed":"प्रोसीड,
"process":"प्रोसेस,
"produce":"प्रोड्यूस,
"producer":"प्रोड्यूसर,
"product":"प्रोडक्ट,
"production":"प्रोडक्शन,
"profession":"प्रोफेशन,
"professional":"प्रोफेशनल,
"professor":"प्रोफेसर,
"profile":"प्रोफाइल,
"profit":"प्रॉफिट,
"program":"प्रोग्राम,
"progress":"प्रोग्रेस,
"project":"प्रोजेक्ट,
"prominent":"प्रोमिनेन्ट,
"promise":"प्रॉमिस,
"promote":"प्रमोट,
"prompt":"प्रांप्ट,
"proof":"प्रूफ,
"proper":"प्रॉपर,
"properly":"प्रॉपरली,
"property":"प्रॉपर्टी,
"proportion":"प्रोपोर्शन,
"proposal":"प्रपोज़ल,
"propose":"प्रपोज़,
"proposed":"प्रपोज़्ड,
"prosecutor":"प्रॉसिक्यूटर,
"prospect":"प्रॉस्पेक्ट,
"protect":"प्रोटेक्ट,
"protection":"प्रोटेक्शन,
"protest":"प्रोटेस्ट,
"proud":"प्राउड,
"prove":"प्रूव,
"provide":"प्रोवाइड,
"provider":"प्रोवाइडर,
"province":"प्रोविंस,
"provision":"प्रोविज़न,
"psychological":"साइकोलॉजिकल,
"psychologist":"साइकोलॉजिस्ट,
"psychology":"साइकोलॉजी,
"public":"पब्लिक,
"publication":"पब्लिकेशन,
"publicly":"पब्लिक्ली,
"publish":"पब्लिश,
"publisher":"पब्लिशर,
"pull":"पुल,
"punishment":"पनिशमेंट,
"purchase":"परचेस,
"pure":"प्योर,
"purpose":"पर्पस,
"pursue":"पर्सू,
"push":"पुश,
"put":"पुट,
"qualify":"क्वालीफाई,
"quality":"क्वालिटी,
"quarter":"क्वार्टर,
"quarterback":"क्वार्टरबैक,
"question":"क्वेश्चन,
"quick":"क्विक,
"quickly":"क्विकली,
"quiet":"क्वाइअट,
"quietly":"क्वाइअटली,
"quit":"क्विट,
"quite":"क्वाइट,
"quote":"कोट,
"race":"रेस,
"racial":"रेशल/रेशयल,
"radical":"रेडिकल,
"radio":"रेडियो,
"rail":"रेल,
"rain":"रेन,
"raise":"रेज़,
"range":"रेंज,
"rank":"रैंक,
"rapid":"रैपिड,
"rapidly":"रेपिडली,
"rare":"रेयर,
"rarely":"रेर्ली,
"rate":"रेट,
"rather":"रैदर,
"rating":"रेटिंग,
"ratio":"रेश्यो,
"raw":"रॉ,
"reach":"रीच,
"react":"रियेक्ट,
"reaction":"रिएक्शन,
"read":"रीड,
"reader":"रीडर,
"reading":"रीडिंग,
"ready":"रेडी,
"real":"रियल,
"reality":"रीऐलिटी,
"realize":"रीलीज़,
"really":"रियली,
"reason":"रीज़न,
"reasonable":"रिज़नेबल,
"recall":"रिकॉल,
"receive":"रिसीव,
"recent":"रीसेंट,
"recently":"रिसेंटली,
"recipe":"रेसिपी,
"recognition":"रिकग्निशन,
"recognize":"रिकॉग्नाइज/रिकग्नाइज,
"recommend":"रेकमेंड,
"recommendation":"रिकमेन्डेशन,
"record":"रिकॉर्ड,
"recording":"रिकॉर्डिंग,
"recover":"रिकवर,
"recovery":"रिकवरी,
"recruit":"रिक्रूट,
"red":"रेड,
"reduce":"रिड्यूस,
"reduction":"रिडक्शन,
"refer":"रेफर,
"reference":"रेफरेन्स,
"reflect":"रिफ्लेक्ट,
"reflection":"रिफ्लेक्शन,
"reform":"रिफॉर्म,
"refugee":"रेफ्युजी,
"refuse":"रिफ्यूज़   ,
"regard":"रिगार्ड,
"regarding":"रिगार्डिंग,
"regardless":"रिगार्डलेस,
"regime":"रेज़िमे,
"region":"रीजन,
"regional":"रीजनल,
"register":"रजिस्टर,
"regular":"रेग्यूलर,
"regularly":"रेग्यूलर्ली,
"regulate":"रेग्युलेट,
"regulation":"रेग्युलेशन,
"reinforce":"रीइन्फॉर्स,
"reject":"रिजेक्ट,
"relate":"रिलेट,
"relation":"रिलेशन,
"relationship":"रिलेशनशिप,
"relative":"रिलेटिव,
"relatively":"रिलेटिवली,
"relax":"रिलैक्स,
"release":"रिलीज़,
"relevant":"रेलेवेंट,
"relief":"रिलीफ,
"religion":"रिलिजन,
"religious":"रिलीजियस,
"rely":"रिलाइ,
"remain":"रिमेन,
"remaining":"रिमेनिंग  ,
"remarkable":"रिमार्केबल,
"remember":"रिमेंबर,
"remind":"रिमाइंड,
"remote":"रिमोट,
"remove":"रिमूव,
"repeat":"रिपीट,
"repeatedly":"रिपीटिड्ली,
"replace":"रिप्लेस,
"reply":"रिप्लाई,
"report":"रिपोर्ट,
"reporter":"रिपोर्टर,
"represent":"रिप्रज़ेंट,
"representation":"रिप्रज़ेंटेशन,
"representative":"रिप्रज़ेंटेटिव,
"Republican":"रिपब्लिकन,
"reputation":"रेप्युटेशन,
"request":"रिक्वेस्ट,
"require":"रिक्वायर,
"requirement":"रिक्वायरमेंट,
"research":"रिसर्च,
"researcher":"रिसर्चर,
"resemble":"रिज़ेम्बल,
"reservation":"रिज़र्वेशन,
"resident":"रेज़िडेंट,
"resist":"रिज़िस्ट,
"resistance":"रीज़िस्टन्स,
"resolution":"रेज़लूशन,
"resolve":"रिज़ोल्व,
"resort":"रिसोर्ट,
"resource":"रीसॉर्स,
"respect":"रिस्पेक्ट,
"respond":"रिस्पॉन्ड,
"respondent":"रिस्पॉन्डेंट/रेस्पोंडेंट,
"response":"रिस्पॉन्स,
"responsibility":"रिस्पॉन्सिबिलिटी,
"responsible":"रिस्पॉन्सिबल,
"rest":"रेस्ट,
"restaurant":"रेस्टोरेंट,
"restore":"रिस्टोर,
"restriction":"रिस्ट्रिक्शन,
"result":"रिज़ल्ट,
"retain":"रिटेन,
"retire":"रिटायर,
"retirement":"रिटायरमेंट,
"return":"रिटर्न,
"reveal":"रिवील,
"revenue":"रेवेन्यू,
"review":"रिव्यु,
"revolution":"रेवलूशन,
"rhythm":"रिदम,
"rice":"राइस,
"rich":"रिच,
"rid":"रिड,
"ride":"राइड,
"rifle":"राइफल,
"right":"राइट,
"ring":"रिंग,
"rise":"राइज़,
"risk":"रिस्क,
"river":"रिवर,
"road":"रोड,
"rock":"रॉक,
"role":"रोल,
"roll":"रोल,
"romantic":"रोमैन्टिक,
"roof":"रूफ,
"room":"रूम,
"root":"रुट,
"rope":"रोप,
"rose":"रोज़,
"rough":"रफ,
"roughly":"रफ्ली,
"round":"राउंड,
"route":"रूट,
"routine":"रूटीन,
"row":"रो,
"rub":"रब,
"rule":"रूल,
"run":"रन,
"running":"रनिंग,
"rural":"रूरल,
"rush":"रश,
"Russian":"रशियन,
"sacred":"सैक्रेड  ,
"sad":"सैड,
"safe":"सेफ,
"safety":"सेफ्टी,
"sake":"सेक,
"salad":"सैलड,
"salary":"सैलरी,
"sale":"सेल,
"sales":"सेल्स,
"salt":"सॉल्ट,
"same":"सेम,
"sample":"सैंपल,
"sanction":"सैंक्शन,
"sand":"सैंड,
"satellite":"सैटेलाइट,
"satisfaction":"सैटिस्फैक्शन,
"satisfy":"सैटिस्फाई,
"sauce":"सॉस,
"save":"सेव,
"saving":"सेविंग,
"say":"से,
"scale":"स्केल,
"scandal":"स्कैंडल,
"scared":"स्केर्ड,
"scenario":"सिनेरियो,
"scene":"सीन,
"schedule":"शेड्यूल,
"scheme":"स्कीम,
"scholar":"स्कॉलर,
"scholarship":"स्कॉलरशिप,
"school":"स्कूल,
"science":"साइंस,
"scientific":"साइंटिफिक,
"scientist":"साइंटिस्ट,
"scope":"स्कोप,
"score":"स्कोर,
"scream":"स्क्रीम,
"screen":"स्क्रीन,
"script":"स्क्रिप्ट,
"sea":"सी,
"search":"सर्च,
"season":"सीज़न,
"seat":"सीट,
"second":"सेकंड,
"secret":"सीक्रेट,
"secretary":"सेक्रेटरी,
"section":"सेक्शन,
"sector":"सेक्टर,
"secure":"सिक्योर,
"security":"सिक्योरिटी,
"see":"सी,
"seed":"सीड,
"seek":"सीक,
"seem":"सीम,
"segment":"सेगमेंट,
"seize":"सीज़,
"select":"सलेक्ट/सिलेक्ट,
"selection":"सिलेक्शन,
"self":"सेल्फ,
"sell":"सेल,
"Senate":"सेनेट,
"senator":"सेनेटर,
"send":"सेंड,
"senior":"सीनियर,
"sense":"सेंस,
"sensitive":"सेंसिटिव,
"sentence":"सेंटेंस,
"separate":"सेपरेट,
"sequence":"सीक्वेंस,
"series":"सीरीज़,
"serious":"सीरियस,
"seriously":"सीरियसली,
"serve":"सर्वे,
"service":"सर्विस,
"session":"सेशन,
"set":"सेट,
"setting":"सेटिंग,
"settle":"सेटल,
"settlement":"सेटलमेंट,
"seven":"सेवन,
"several":"सेवरल,
"severe":"सीवियर,
"sex":"सेक्स,
"sexual":"सेक्शुअल,
"shade":"शेड,
"shadow":"शैडो,
"shake":"शेक,
"shall":"शॉल,
"shape":"शेप,
"share":"शेयर,
"sharp":"शार्प,
"she":"शी,
"sheet":"शीट,
"shelf":"शेल्फ,
"shell":"शैल,
"shelter":"शेल्टर,
"shift":"शिफ्ट,
"shine":"शाइन,
"ship":"शिप,
"shirt":"शर्ट,
"shit":"शिट,
"shock":"शॉक,
"shoe":"शू,
"shoot":"शूट,
"shooting":"शूटिंग,
"shop":"शॉप,
"shopping":"शॉपिंग,
"shore":"शॉर ,
"short":"शॉर्ट,
"shortly":"शॉर्टली,
"shot":"शॉट ,
"should":"शुड,
"shoulder":"शोल्डर,
"shout":"शाउट,
"show":"शो,
"shower":"शावर,
"shrug":"श्रग,
"shut":"शट,
"sick":"सिक,
"side":"साइड,
"sigh":"साए,
"sight":"साइट,
"sign":"साइन,
"signal":"सिग्नल,
"significance":"सिग्निफिकेन्स,
"significant":"सिग्निफिकेंट,
"significantly":"सिग्निफिकेंटली,
"silence":"साइलेंस,
"silent":"साइलेंट,
"silver":"सिल्वर,
"similar":"सिमिलर,
"similarly":"सिमिलरली,
"simple":"सिंपल,
"simply":"सिम्पली,
"sin":"सिन,
"since":"सीन्स,
"sing":"सींग,
"singer":"सिंगर,
"single":"सिंगल,
"sink":"सिंक,
"sir":"सर,
"sister":"सिस्टर,
"sit":"सिट,
"site":"साइट,
"situation":"सिचुएशन,
"six":"सिक्स,
"size":"साइज,
"ski":"स्की,
"skill":"स्किल,
"skin":"स्किन,
"sky":"स्काई,
"slave":"स्लेव,
"sleep":"स्लीप,
"slice":"स्लाइस,
"slide":"स्लाइड,
"slight":"स्लाइट,
"slightly":"स्लाइटली,
"slip":"स्लिप,
"slow":"स्लो,
"slowly":"स्लोली,
"small":"स्मॉल,
"smart":"स्मार्ट,
"smell":"स्मेल,
"smile":"स्माइल,
"smoke":"स्मोक,
"smooth":"स्मूथ,
"snap":"स्नेप,
"snow":"स्नो,
"so":"सो,
"so-called":"सो-कॉल्ड,
"soccer":"सॉकर,
"social":"सोशल,
"society":"सोसाइटी,
"soft":"सॉफ्ट,
"software":"सॉफ्टवेयर,
"soil":"सॉइल,
"solar":"सोलर,
"soldier":"सोल्जर,
"solid":"सॉलिड,
"solution":"सलूशन/सॉल्यूशन,
"solve":"सॉल्व,
"some":"सम,
"somebody":"समबडी,
"somehow":"समहाओ,
"someone":"समवन,
"something":"समथिंग,
"sometimes":"समटाइम्स,
"somewhat":"सम्वट,
"somewhere":"समवेयर,
"son":"सन,
"song":"सॉंग,
"soon":"सून,
"sophisticated":"सफिस्टिकेटेड,
"sorry":"सॉरी,
"sort":"सॉर्ट,
"soul":"सोल,
"sound":"साउंड,
"soup":"सूप,
"source":"सोर्स,
"south":"साउथ,
"southern":"साउथर्न,
"Soviet":"सोवियत,
"space":"स्पेस,
"Spanish":"स्पैनिश,
"speak":"स्पीक,
"speaker":"स्पीकर,
"special":"स्पेशल,
"specialist":"स्पेशलिस्ट,
"species":"स्पीशीज,
"specific":"स्पेसिफिक,
"specifically":"स्पेसिफिकली,
"speech":"स्पीच,
"speed":"स्पीड,
"spend":"स्पेंड,
"spending":"स्पेंडिंग,
"spin":"स्पिन,
"spirit":"स्पिरिट,
"spiritual":"स्पिरिचुअल,
"split":"स्प्लिट,
"spokesman":"स्पोक्समैन,
"sport":"स्पोर्ट,
"spot":"स्पॉट,
"spread":"स्प्रेड,
"spring":"स्प्रिंग,
"square":"स्क्वेर,
"squeeze":"स्क्वीज़,
"stability":"स्टेबिलिटी,
"stable":"स्टेबल,
"staff":"स्टाफ,
"stage":"स्टेज,
"stair":"स्टैर,
"stake":"स्टेक,
"stand":"स्टैंड,
"standard":"स्टैण्डर्ड,
"standing":"स्टैंडिंग,
"star":"स्टार,
"stare":"स्टेअर,
"start":"स्टार्ट,
"state":"स्टेट,
"statement":"स्टेटमेंट,
"station":"स्टेशन,
"statistics":"स्टेटिस्टिक्स,
"status":"स्टेटस,
"stay":"स्टे,
"steady":"स्टेडी,
"steal":"स्टील,
"steel":"स्टील,
"step":"स्टेप,
"stick":"स्टिक,
"still":"स्टिल,
"stir":"स्टिर,
"stock":"स्टॉक,
"stomach":"स्टमक,
"stone":"स्टोन,
"stop":"स्टॉप,
"storage":"स्टोरेज,
"store":"स्टोर,
"storm":"स्टॉर्म,
"story":"स्टोरी,
"straight":"स्ट्रैट,
"strange":"स्ट्रेंज,
"stranger":"स्ट्रेंजर,
"strategic":"स्ट्रेटेजिक,
"strategy":"स्ट्रेटजी,
"stream":"स्ट्रीम,
"street":"स्ट्रीट,
"strength":"स्ट्रेंथ,
"strengthen":"स्ट्रेंथन,
"stress":"स्ट्रेस,
"stretch":"स्ट्रैच,
"strike":"स्ट्राइक,
"string":"स्ट्रिंग,
"strip":"स्ट्रिप,
"stroke":"स्ट्रोक,
"strong":"स्ट्रांग,
"strongly":"स्ट्रॉन्ग्ली,
"structure":"स्ट्रक्चर,
"struggle":"स्ट्रगल,
"student":"स्टूडेंट,
"studio":"स्टूडियो,
"study":"स्टडी,
"stuff":"स्टफ,
"stupid":"स्टुपिड,
"style":"स्टाइल,
"subject":"सब्जेक्ट,
"submit":"सबमिट,
"subsequent":"सबसीक्वेंट,
"substance":"सब्सटांस/सब्सटेंस,
"substantial":"सब्सटेंशियल,
"succeed":"सक्सीड,
"success":"सक्सेस,
"successful":"सक्सेसफुल,
"successfully":"सक्सेसफुली,
"such":"सच,
"sudden":"सडन,
"suddenly":"सडनली,
"sue":"सू,
"suffer":"सफ्फर,
"sufficient":"सफिशिएंट,
"sugar":"शुगर,
"suggest":"सजेस्ट,
"suggestion":"सजेशन,
"suicide":"सुसाइड,
"suit":"सूट,
"summer":"समर,
"summit":"समिट,
"sun":"सन,
"super":"सूपर,
"supply":"सप्लाई,
"support":"सपोर्ट,
"supporter":"सपोर्टर,
"suppose":"सपोज़,
"supposed":"सपोज़्ड,
"Supreme":"सुप्रीम,
"sure":"श्योर,
"surely":"श्योरली,
"surface":"सरफेस,
"surgery":"सर्जरी,
"surprise":"सर्प्राइज़,
"surprised":"सर्प्राइज़्ड,
"surprising":"सर्प्राइज़िंग,
"surprisingly":"सर्प्राइज़िंगली  ,
"surround":"सराउंड,
"survey":"सर्वे,
"survival":"सर्वाइवल,
"survive":"सर्वाइव,
"survivor":"सर्वाइवर,
"suspect":"सस्पेक्ट,
"sustain":"सस्टेन,
"swear":"स्वेअर,
"sweep":"स्वीप,
"sweet":"स्वीट,
"swim":"स्विम,
"swing":"स्विंग,
"switch":"स्विच,
"symbol":"सिंबल,
"symptom":"सिम्प्टम,
"system":"सिस्टम,
"table":"टेबल,
"tablespoon":"टेबलस्पून  ,
"tactic":"टैक्टिक,
"tail":"टेल,
"take":"टेक,
"tale":"टेल,
"talent":"टैलेंट,
"talk":"टॉक,
"tall":"टॉल,
"tank":"टैंक,
"tap":"टैप,
"tape":"टेप,
"target":"टारगेट,
"task":"टास्क,
"taste":"टेस्ट,
"tax":"टैक्स,
"taxpayer":"टैक्सपेयर,
"tea":"टी,
"teach":"टीच,
"teacher":"टीचर,
"teaching":"टीचिंग,
"team":"टीम,
"tear":"टेअर/टिअर,
"teaspoon":"टीस्पून,
"technical":"टेक्निकल,
"technique":"टेक्नीक,
"technology":"टेक्नोलॉजी,
"teen":"टीन,
"teenager":"टीनेजर,
"telephone":"टेलीफोन,
"telescope":"टेलिस्कोप,
"television":"टेलीविज़न,
"tell":"टैल,
"temperature":"टेम्परेचर,
"temporary":"टेम्पररी,
"ten":"टेन,
"tend":"टेंड  ,
"tendency":"टेंडेंसी   ,
"tennis":"टेनिस,
"tension":"टेंशन,
"tent":"टेंट,
"term":"टर्म,
"terms":"टर्म्स,
"terrible":"टेरिबल,
"territory":"टेरिटरी,
"terror":"टेरर,
"terrorism":"टेररिज़्म,
"terrorist":"टेररिस्ट,
"test":"टेस्ट,
"testify":"टेस्टिफाइ,
"testimony":"टेस्टीमोनी ,
"testing":"टेस्टिंग,
"text":"टेक्स्ट,
"than":"दैन,
"thank":"थैंक,
"thanks":"थैंक्स,
"that":"दैट  ,
"the":"दे,
"theater":"थिएटर,
"their":"देयर    ,
"them":"देम     ,
"theme":"थीम,
"themselves":"देमसेल्वस     ,
"then":"देन,
"theory":"थ्योरी,
"therapy":"थेरेपी,
"there":"देअर,
"therefore":"देअरफॉर,
"these":"दीज़,
"they":"दे,
"thick":"थिक,
"thin":"थिन,
"thing":"थिंग,
"think":"थिंक,
"thinking":"थिंकिंग,
"third":"थर्ड,
"thirty":"थर्टी,
"this":"दिस,
"those":"दोज़,
"though":"दो,
"thought":"थॉट,
"thousand":"थाउजेंड,
"threat":"थ्रेट,
"threaten":"थ्रेटन,
"three":"थ्री,
"throat":"थ्रोट,
"through":"थ्रू,
"throughout":"थ्रूआउट,
"throw":"थ्रो,
"thus":"दज़,
"ticket":"टिकट/टिकिट,
"tie":"टाई,
"tight":"टाइट,
"time":"टाइम,
"tiny":"टाइनी,
"tip":"टिप,
"tire":"टायर,
"tired":"टायर्ड,
"tissue":"टिशू,
"title":"टाइटल,
"to":"टू,
"tobacco":"टोबैको,
"today":"टुडे,
"toe":"टो,
"together":"टुगेदर,
"tomato":"टोमेटो,
"tomorrow":"टुमॉरो,
"tone":"टोन,
"tongue":"टंग,
"tonight":"टुनाइट,
"too":"टू,
"tool":"टूल,
"tooth":"टूथ,
"top":"टॉप,
"topic":"टॉपिक,
"toss":"टॉस,
"total":"टोटल,
"totally":"टोटली,
"touch":"टच,
"tough":"टफ,
"tour":"टूर,
"tourist":"टूरिस्ट,
"tournament":"टूर्नामेंट,
"toward":"टुवर्ड,
"towards":"टुवर्ड्स,
"tower":"टावर,
"town":"टाउन,
"toy":"टोय,
"trace":"ट्रेस,
"track":"ट्रैक,
"trade":"ट्रेड,
"tradition":"ट्रेडिशन/ट्रडिशन,
"traditional":"ट्रेडिशनल,
"traffic":"ट्रैफिक,
"tragedy":"ट्रैजिडी/ट्रैजडी,
"trail":"ट्रेल,
"train":"ट्रेन,
"training":"ट्रेनिंग,
"transfer":"ट्रांसफर,
"transform":"ट्रांसफॉर्म,
"transformation":"ट्रांसफॉर्मेशन,
"transition":"ट्रांज़ीशन,
"translate":"ट्रांसलेट,
"transportation":"ट्रांसपोर्टेशन,
"travel":"ट्रैवल,
"treat":"ट्रीट,
"treatment":"ट्रीटमेंट,
"treaty":"ट्रीटी,
"tree":"ट्री,
"tremendous":"ट्रिमेंडस,
"trend":"ट्रेंड,
"trial":"ट्रायल,
"tribe":"ट्राइब,
"trick":"ट्रिक,
"trip":"ट्रिप,
"troop":"ट्रूप,
"trouble":"ट्रबल,
"truck":"ट्रक,
"true":"ट्रू,
"truly":"ट्रूली,
"trust":"ट्रस्ट,
"truth":"ट्रुथ,
"try":"ट्राई/ट्राए,
"tube":"ट्यूब,
"tunnel":"टनल,
"turn":"टर्न,
"TV":"टीवी,
"twelve":"ट्वेल्व,
"twenty":"ट्वेंटी,
"twice":"ट्वाइस,
"twin":"ट्विन,
"two":"टू,
"type":"टाइप,
"typical":"टिपिकल,
"typically":"टिपिक्ली/टिपिकली,
"ugly":"अग्ली,
"ultimate":"अल्टीमेट,
"ultimately":"अल्टिमटेली,
"unable":"अनेबल,
"uncle":"अंकल,
"under":"अंडर,
"undergo":"अंडरगो,
"understand":"अंडरस्टैंड,
"understanding":"अंडरस्टैंडिंग,
"unfortunately":"अनफोर्च्युनेट्ली,
"uniform":"यूनिफार्म,
"union":"यूनियन,
"unique":"यूनिक,
"unit":"यूनिट,
"United":"यूनाइटेड,
"universal":"यूनिवर्सल,
"universe":"यूनिवर्स,
"university":"यूनिवर्सिटी,
"unknown":"अननोन,
"unless":"अनलेस,
"unlike":"अनलाइक,
"unlikely":"अनलाइक्ली,
"until":"अंटिल,
"unusual":"अनयूजुअल/अनयूज़ुअल,
"up":"अप,
"upon":"अपॉन,
"upper":"अपर,
"urban":"अर्बन,
"urge":"अर्ज,
"us":"अस,
"use":"यूज़,
"used":"यूज़ड,
"useful":"यूज़फुल,
"user":"यूज़र,
"usual":"यूज़ूअल,
"usually":"यूज़ुअली,
"utility":"यूटिलिटी,
"vacation":"वेकेशन,
"valley":"वैली,
"valuable":"वैल्युएबल,
"value":"वैल्यू,
"variable":"वेरिएबल,
"variation":"वेरिएशन,
"variety":"वैरायटी,
"various":"वेरियस,
"vary":"वैरी,
"vast":"वास्ट,
"vegetable":"वेजिटेबल,
"vehicle":"व्हीकल/वेकल,
"venture":"वेंचर,
"version":"वर्ज़न,
"versus":"वर्सेस,
"very":"वैरी,
"vessel":"वेसल,
"veteran":"वेट्रन,
"via":"वाया,
"victim":"विक्टिम,
"victory":"विक्ट्री,
"video":"वीडियो,
"view":"व्यू,
"viewer":"व्यूअर,
"village":"विलेज,
"violate":"वॉयलेट,
"violation":"वॉयलेशन,
"violence":"वायलेंस,
"violent":"वायलेंट,
"virtually":"वर्चुअली,
"virtue":"वर्चू,
"virus":"वायरस,
"visible":"विज़िबल,
"vision":"विज़न,
"visit":"विज़िट,
"visitor":"विज़िटर,
"visual":"विजुअल,
"vital":"वाइटल,
"voice":"वॉइस,
"volume":"वॉल्यूम,
"volunteer":"वॉलेंटियर,
"vote":"वोट,
"voter":"वोटर,
"vs":"वीएस ,
"vulnerable":"वल्नरेबल,
"wage":"वेज,
"wait":"वेट,
"wake":"वेक,
"walk":"वॉल्क,
"wall":"वॉल,
"wander":"वंडर,
"want":"वॉन्ट,
"war":"वॉर,
"warm":"वॉर्म,
"warn":"वॉर्न ,
"warning":"वॉर्निंग  ,
"wash":"वॉश   ,
"waste":"वेस्ट,
"watch":"वॉच,
"water":"वॉटर,
"wave":"वेव,
"way":"वे,
"we":"वी,
"weak":"वीक,
"wealth":"वेल्थ,
"wealthy":"वेल्थी,
"weapon":"वेपन,
"wear":"वियर,
"weather":"वेदर,
"wedding":"वेडिंग,
"week":"वीक,
"weekend":"वीकेंड,
"weekly":"वीकली,
"weigh":"वे,
"weight":"वेट,
"welcome":"वेलकम,
"welfare":"वेलफेयर,
"well":"वेल,
"west":"वेस्ट,
"western":"वेस्टर्न,
"wet":"वेट,
"what":"व्हाट/वट ,
"whatever":"व्हटएवर/वटएवर ,
"wheel":"व्हील/वील,
"when":"व्हेन/वेन ,
"whenever":"व्हेनएवर/वेनेवर,
"where":"व्हेयर/वेयर,
"whereas":"व्हेरएज़/वेयरएज़   ,
"whether":"वेदर,
"which":"व्हिच/विच ,
"while":"व्हाइल/वाइल ,
"whisper":"व्हिस्पर/विस्पर,
"white":"व्हाइट/वाइट,
"who":"व्हू/हू,
"whole":" व्होल/होल,
"whom":" व्हूम/हूम,
"whose":" व्हूज़/हूज़,
"why":"व्हाई,
"wide":"वाइड,
"widely":"वाइडली,
"widespread":"वाइडएस्प्रेड,
"wife":"वाइफ,
"wild":"वाइल्ड,
"will":"विल,
"willing":"विलिंग,
"win":"विन,
"wind":"विंड,
"window":"विंडो,
"wine":"वाइन,
"wing":"विंग,
"winner":"विनर,
"winter":"विंटर,
"wipe":"वाइप,
"wire":"वायर,
"wisdom":"विज़डम,
"wise":"वाइज,
"wish":"विश,
"with":"विद,
"withdraw":"विद्ड्रॉ,
"within":"विथिन/विदिन,
"without":"विदाउट,
"witness":"विटनेस,
"woman":"वुमन/विमन,
"wonder":"वंडर,
"wonderful":"वंडरफुल,
"wood":"वुड,
"wooden":"वुडन,
"word":"वर्ड,
"work":"वर्क,
"worker":"वर्कर,
"working":"वर्किंग,
"works":"वर्क्स,
"workshop":"वर्कशॉप,
"world":"वर्ल्ड,
"worried":"वरीड,
"worry":"वरी,
"worth":"वर्थ,
"would":"वुड,
"wound":"वाउन्ड/वून्ड,
"wrap":"रैप,
"write":"राइट,
"writer":"राइटर,
"writing":"राइटिंग,
"wrong":"रॉंग,
"yard":"यार्ड,
"yeah":"येह,
"year":"ईयर,
"yell":"येल ,
"yellow":"येलो,
"yes":"यस/येस ,
"yesterday":"यस्टरडे,
"yet":"येट,
"yield":"यील्ड,
"you":"यू,
"young":"यंग,
"your":"योर,
"yours":"योर्स,
"yourself":"योरसेल्फ,
"youth":"यूथ,
"zone":"ज़ोन,


